<?xml version="1.0" encoding="UTF-8" standalone="yes"?>
<Project>
    <uuid>9851b0a1-cb09-4c35-b8c9-6ba4df476cc8</uuid>
    <title>Markdown Writer Help</title>
    <langauge>
        <code>en</code>
        <name>English</name>
    </langauge>
    <identifierScheme>
        <name>ISBN</name>
        <code>ISBN</code>
    </identifierScheme>
    <identifier>e6de7954-bb15-47db-a176-e043c8c44a45</identifier>
    <createdDate>2013-03-26T08:08:41.633-04:00</createdDate>
    <modifiedDate>2013-03-26T08:08:41.633-04:00</modifiedDate>
    <styleSheet>h1 a,
h2 a,
h3 a,
h4 a,
h5 a,
h6 a
{
    color: black;
    text-decoration:none;
}
</styleSheet>
    <manuscriptUuid>64ce24b6-63a0-455e-bc33-80d5088ec83e</manuscriptUuid>
    <resourcesUuid>0dc6dbcd-4a18-4a35-a2f2-9d7bd05e6c71</resourcesUuid>
    <trashUuid>58aaaeca-9b58-4a29-8266-535183861214</trashUuid>
    <childNodes>
        <uuid>64ce24b6-63a0-455e-bc33-80d5088ec83e</uuid>
        <nodeType>project/manuscript</nodeType>
        <title>Manuscript</title>
        <createdDate>2013-03-26T08:08:41.633-04:00</createdDate>
        <modifiedDate>2013-03-26T08:08:41.633-04:00</modifiedDate>
        <childNodes>
            <uuid>ecfee86a-f142-415c-a7b3-6c227da54c0a</uuid>
            <nodeType>file/folder</nodeType>
            <title>Introduction</title>
            <createdDate>2013-03-26T08:22:41.288-04:00</createdDate>
            <modifiedDate>2013-03-26T08:22:41.288-04:00</modifiedDate>
            <childNodes>
                <uuid>f45bd076-3217-4a51-8846-92cc009c15cc</uuid>
                <nodeType>file/folder</nodeType>
                <title>What is Markdown?</title>
                <createdDate>2013-03-26T08:22:51.543-04:00</createdDate>
                <modifiedDate>2013-03-26T09:02:22.127-04:00</modifiedDate>
                <imageResource/>
                <cursorStart>0</cursorStart>
                <cursorEnd>0</cursorEnd>
                <expanded>false</expanded>
            </childNodes>
            <childNodes>
                <uuid>32917d76-25df-43c6-b2f4-de3e59497e72</uuid>
                <nodeType>file/folder</nodeType>
                <title>What is Markdown Writer</title>
                <createdDate>2013-03-26T08:23:02.276-04:00</createdDate>
                <modifiedDate>2013-03-26T08:27:14.309-04:00</modifiedDate>
                <imageResource/>
                <cursorStart>0</cursorStart>
                <cursorEnd>0</cursorEnd>
                <expanded>false</expanded>
            </childNodes>
            <childNodes>
                <uuid>80d46879-8aee-4dd1-ba84-d42e91165900</uuid>
                <nodeType>file/folder</nodeType>
                <title>What is Pandoc</title>
                <createdDate>2013-03-26T08:27:53.572-04:00</createdDate>
                <modifiedDate>2013-03-26T09:03:13.873-04:00</modifiedDate>
                <imageResource/>
                <cursorStart>0</cursorStart>
                <cursorEnd>0</cursorEnd>
                <expanded>false</expanded>
            </childNodes>
            <imageResource/>
            <cursorStart>0</cursorStart>
            <cursorEnd>0</cursorEnd>
            <expanded>true</expanded>
        </childNodes>
        <childNodes>
            <uuid>59b74950-a55d-40ef-9935-4d65e5f2745e</uuid>
            <nodeType>file/folder</nodeType>
            <title>Markdown Syntax</title>
            <createdDate>2013-03-26T08:42:41.721-04:00</createdDate>
            <modifiedDate>2013-03-26T09:03:23.170-04:00</modifiedDate>
            <childNodes>
                <uuid>817838e4-bd37-4b84-a346-c6718064ac58</uuid>
                <nodeType>file/folder</nodeType>
                <title>Paragraphs</title>
                <createdDate>2013-03-26T08:46:30.019-04:00</createdDate>
                <modifiedDate>2013-03-26T08:59:10.711-04:00</modifiedDate>
                <imageResource/>
                <cursorStart>0</cursorStart>
                <cursorEnd>0</cursorEnd>
                <expanded>false</expanded>
            </childNodes>
            <childNodes>
                <uuid>01cce106-5047-4b1e-9539-b4bb03d81cba</uuid>
                <nodeType>file/folder</nodeType>
                <title>Inline formatiing</title>
                <createdDate>2013-03-26T11:45:12.832-04:00</createdDate>
                <modifiedDate>2013-03-26T11:59:32.912-04:00</modifiedDate>
                <childNodes>
                    <uuid>f706c380-78bb-4b60-96e6-763955892011</uuid>
                    <nodeType>file/folder</nodeType>
                    <title>Italics</title>
                    <createdDate>2013-03-26T11:57:34.594-04:00</createdDate>
                    <modifiedDate>2013-03-26T11:59:27.024-04:00</modifiedDate>
                    <imageResource/>
                    <cursorStart>0</cursorStart>
                    <cursorEnd>0</cursorEnd>
                    <expanded>false</expanded>
                </childNodes>
                <childNodes>
                    <uuid>9ad665ed-bb0c-4cca-b63c-1fe894671259</uuid>
                    <nodeType>file/folder</nodeType>
                    <title>Bold</title>
                    <createdDate>2013-03-26T11:57:37.538-04:00</createdDate>
                    <modifiedDate>2013-03-26T11:59:27.032-04:00</modifiedDate>
                    <imageResource/>
                    <cursorStart>0</cursorStart>
                    <cursorEnd>0</cursorEnd>
                    <expanded>false</expanded>
                </childNodes>
                <childNodes>
                    <uuid>904ffda5-77cb-4cc3-aaf2-2c4be7b00bd6</uuid>
                    <nodeType>file/folder</nodeType>
                    <title>Bold Italics</title>
                    <createdDate>2013-03-26T11:57:44.114-04:00</createdDate>
                    <modifiedDate>2013-03-26T11:59:27.040-04:00</modifiedDate>
                    <imageResource/>
                    <cursorStart>0</cursorStart>
                    <cursorEnd>0</cursorEnd>
                    <expanded>false</expanded>
                </childNodes>
                <childNodes>
                    <uuid>e53bf5dc-e1fe-4bd0-923c-c5d98f90f7e0</uuid>
                    <nodeType>file/folder</nodeType>
                    <title>Emphasis within a word</title>
                    <createdDate>2013-03-26T11:58:21.764-04:00</createdDate>
                    <modifiedDate>2013-03-26T11:59:27.059-04:00</modifiedDate>
                    <imageResource/>
                    <cursorStart>0</cursorStart>
                    <cursorEnd>0</cursorEnd>
                    <expanded>false</expanded>
                </childNodes>
                <childNodes>
                    <uuid>4d726ee8-4c2c-4ae9-84d2-00dda9437938</uuid>
                    <nodeType>file/folder</nodeType>
                    <title>Escape characters</title>
                    <createdDate>2013-03-26T11:58:07.731-04:00</createdDate>
                    <modifiedDate>2013-03-26T11:59:27.048-04:00</modifiedDate>
                    <imageResource/>
                    <cursorStart>0</cursorStart>
                    <cursorEnd>0</cursorEnd>
                    <expanded>false</expanded>
                </childNodes>
                <childNodes>
                    <uuid>1c6c899f-d23e-45d6-beb9-5fe0e6d0e60f</uuid>
                    <nodeType>file/folder</nodeType>
                    <title>Inline preformatting</title>
                    <createdDate>2013-03-26T11:58:12.243-04:00</createdDate>
                    <modifiedDate>2013-03-26T11:59:27.055-04:00</modifiedDate>
                    <imageResource/>
                    <cursorStart>0</cursorStart>
                    <cursorEnd>0</cursorEnd>
                    <expanded>false</expanded>
                </childNodes>
                <childNodes>
                    <uuid>e24d82b2-f193-44cf-b247-f8d269716662</uuid>
                    <nodeType>file/folder</nodeType>
                    <title>Strikethrough</title>
                    <createdDate>2013-03-26T11:58:27.987-04:00</createdDate>
                    <modifiedDate>2013-03-26T11:59:27.063-04:00</modifiedDate>
                    <imageResource/>
                    <cursorStart>0</cursorStart>
                    <cursorEnd>0</cursorEnd>
                    <expanded>false</expanded>
                </childNodes>
                <childNodes>
                    <uuid>bf52c542-e0a0-4a49-90b7-543288038af1</uuid>
                    <nodeType>file/folder</nodeType>
                    <title>Superscript</title>
                    <createdDate>2013-03-26T11:58:31.522-04:00</createdDate>
                    <modifiedDate>2013-03-26T11:59:27.067-04:00</modifiedDate>
                    <imageResource/>
                    <cursorStart>0</cursorStart>
                    <cursorEnd>0</cursorEnd>
                    <expanded>false</expanded>
                </childNodes>
                <childNodes>
                    <uuid>0fe362e0-4f01-4175-9cd6-90b865ff44e1</uuid>
                    <nodeType>file/folder</nodeType>
                    <title>Subscript</title>
                    <createdDate>2013-03-26T11:58:34.501-04:00</createdDate>
                    <modifiedDate>2013-03-26T11:59:32.920-04:00</modifiedDate>
                    <imageResource/>
                    <cursorStart>0</cursorStart>
                    <cursorEnd>0</cursorEnd>
                    <expanded>false</expanded>
                </childNodes>
                <imageResource/>
                <cursorStart>0</cursorStart>
                <cursorEnd>0</cursorEnd>
                <expanded>true</expanded>
            </childNodes>
            <childNodes>
                <uuid>d16c958c-8fd9-4ccd-9bee-260325ab88b2</uuid>
                <nodeType>file/folder</nodeType>
                <title>Headers</title>
                <createdDate>2013-03-26T08:59:30.662-04:00</createdDate>
                <modifiedDate>2013-03-26T09:01:21.933-04:00</modifiedDate>
                <childNodes>
                    <uuid>9cc6fae1-400b-41ed-adac-a897644c4a6a</uuid>
                    <nodeType>file/folder</nodeType>
                    <title>Setext headers</title>
                    <createdDate>2013-03-26T08:59:59.924-04:00</createdDate>
                    <modifiedDate>2013-03-26T09:01:39.660-04:00</modifiedDate>
                    <imageResource/>
                    <cursorStart>0</cursorStart>
                    <cursorEnd>0</cursorEnd>
                    <expanded>false</expanded>
                </childNodes>
                <childNodes>
                    <uuid>d437b66d-94be-47bb-96e8-e61c2187e649</uuid>
                    <nodeType>file/folder</nodeType>
                    <title>ATX Headers</title>
                    <createdDate>2013-03-26T09:03:53.119-04:00</createdDate>
                    <modifiedDate>2013-03-26T12:52:53.441-04:00</modifiedDate>
                    <imageResource/>
                    <cursorStart>0</cursorStart>
                    <cursorEnd>0</cursorEnd>
                    <expanded>false</expanded>
                </childNodes>
                <imageResource/>
                <cursorStart>0</cursorStart>
                <cursorEnd>0</cursorEnd>
                <expanded>true</expanded>
            </childNodes>
            <childNodes>
                <uuid>1adb3131-39ee-4335-a6d3-30bb6dce6697</uuid>
                <nodeType>file/folder</nodeType>
                <title>Horizontal rules</title>
                <createdDate>2013-03-26T11:34:19.558-04:00</createdDate>
                <modifiedDate>2013-03-26T11:35:41.483-04:00</modifiedDate>
                <imageResource/>
                <cursorStart>0</cursorStart>
                <cursorEnd>0</cursorEnd>
                <expanded>false</expanded>
            </childNodes>
            <childNodes>
                <uuid>242b6d0e-78f7-443b-af89-eb2aef95beea</uuid>
                <nodeType>file/folder</nodeType>
                <title>Links</title>
                <createdDate>2013-03-26T09:15:33.661-04:00</createdDate>
                <modifiedDate>2013-03-26T09:15:33.661-04:00</modifiedDate>
                <childNodes>
                    <uuid>753b61f7-91cf-4801-877c-b365b3bd8ce7</uuid>
                    <nodeType>file/folder</nodeType>
                    <title>Automatic links</title>
                    <createdDate>2013-03-26T12:06:10.038-04:00</createdDate>
                    <modifiedDate>2013-03-26T12:08:47.215-04:00</modifiedDate>
                    <imageResource/>
                    <cursorStart>0</cursorStart>
                    <cursorEnd>0</cursorEnd>
                    <expanded>false</expanded>
                </childNodes>
                <childNodes>
                    <uuid>477cd363-d785-4f2d-9ff9-07ba292d74d4</uuid>
                    <nodeType>file/folder</nodeType>
                    <title>Inline links</title>
                    <createdDate>2013-03-26T12:07:22.953-04:00</createdDate>
                    <modifiedDate>2013-03-26T12:10:04.804-04:00</modifiedDate>
                    <imageResource/>
                    <cursorStart>0</cursorStart>
                    <cursorEnd>0</cursorEnd>
                    <expanded>false</expanded>
                </childNodes>
                <childNodes>
                    <uuid>4a48c467-4019-4a48-8273-8d3e85fcc7c1</uuid>
                    <nodeType>file/folder</nodeType>
                    <title>Reference links</title>
                    <createdDate>2013-03-26T12:10:50.578-04:00</createdDate>
                    <modifiedDate>2013-03-26T12:14:23.487-04:00</modifiedDate>
                    <imageResource/>
                    <cursorStart>0</cursorStart>
                    <cursorEnd>0</cursorEnd>
                    <expanded>false</expanded>
                </childNodes>
                <childNodes>
                    <uuid>f1a573c2-04bb-415b-9332-88d40967db4b</uuid>
                    <nodeType>file/folder</nodeType>
                    <title>Implicit header links</title>
                    <createdDate>2013-03-26T09:16:46.399-04:00</createdDate>
                    <modifiedDate>2013-03-26T12:19:51.387-04:00</modifiedDate>
                    <imageResource/>
                    <cursorStart>0</cursorStart>
                    <cursorEnd>0</cursorEnd>
                    <expanded>false</expanded>
                </childNodes>
                <childNodes>
                    <uuid>82487246-1a7b-4e2e-9d7f-47a0b513a6b1</uuid>
                    <nodeType>file/folder</nodeType>
                    <title>Internal links</title>
                    <subtitle></subtitle>
                    <createdDate>2013-03-26T09:15:46.894-04:00</createdDate>
                    <modifiedDate>2013-03-26T12:19:59.435-04:00</modifiedDate>
                    <imageResource/>
                    <cursorStart>0</cursorStart>
                    <cursorEnd>0</cursorEnd>
                    <expanded>false</expanded>
                </childNodes>
                <imageResource/>
                <cursorStart>0</cursorStart>
                <cursorEnd>0</cursorEnd>
                <expanded>true</expanded>
            </childNodes>
            <childNodes>
                <uuid>039c1edd-15ce-4447-a006-215778eb312e</uuid>
                <nodeType>file/folder</nodeType>
                <title>Blocks</title>
                <createdDate>2013-03-26T11:33:50.244-04:00</createdDate>
                <modifiedDate>2013-03-26T11:33:50.244-04:00</modifiedDate>
                <childNodes>
                    <uuid>b1bb53a8-a564-4452-ae93-015619159fa9</uuid>
                    <nodeType>file/folder</nodeType>
                    <title>Block quotes</title>
                    <createdDate>2013-03-26T09:17:04.896-04:00</createdDate>
                    <modifiedDate>2013-03-26T09:21:57.648-04:00</modifiedDate>
                    <imageResource/>
                    <cursorStart>0</cursorStart>
                    <cursorEnd>0</cursorEnd>
                    <expanded>false</expanded>
                </childNodes>
                <childNodes>
                    <uuid>7bc7989f-6ca5-4457-9b0b-6d08e068e3e7</uuid>
                    <nodeType>file/folder</nodeType>
                    <title>Preformatted blocks</title>
                    <createdDate>2013-03-26T09:22:46.110-04:00</createdDate>
                    <modifiedDate>2013-03-26T10:56:31.044-04:00</modifiedDate>
                    <imageResource/>
                    <cursorStart>0</cursorStart>
                    <cursorEnd>0</cursorEnd>
                    <expanded>false</expanded>
                </childNodes>
                <childNodes>
                    <uuid>20acc3d2-d8a3-4166-bac1-5402f38dde58</uuid>
                    <nodeType>file/folder</nodeType>
                    <title>Line blocks</title>
                    <createdDate>2013-03-26T10:57:11.600-04:00</createdDate>
                    <modifiedDate>2013-03-26T11:01:28.482-04:00</modifiedDate>
                    <imageResource/>
                    <cursorStart>0</cursorStart>
                    <cursorEnd>0</cursorEnd>
                    <expanded>false</expanded>
                </childNodes>
                <imageResource/>
                <cursorStart>0</cursorStart>
                <cursorEnd>0</cursorEnd>
                <expanded>true</expanded>
            </childNodes>
            <childNodes>
                <uuid>1ced3065-4cf9-4869-a0ab-ce835d76e860</uuid>
                <nodeType>file/folder</nodeType>
                <title>Lists</title>
                <createdDate>2013-03-26T11:02:13.378-04:00</createdDate>
                <modifiedDate>2013-03-26T11:02:13.378-04:00</modifiedDate>
                <childNodes>
                    <uuid>c39603ea-b813-41fb-997b-8531f553c9bb</uuid>
                    <nodeType>file/folder</nodeType>
                    <title>Bulleted lists</title>
                    <createdDate>2013-03-26T11:02:20.467-04:00</createdDate>
                    <modifiedDate>2013-03-26T11:07:05.058-04:00</modifiedDate>
                    <imageResource/>
                    <cursorStart>0</cursorStart>
                    <cursorEnd>0</cursorEnd>
                    <expanded>false</expanded>
                </childNodes>
                <childNodes>
                    <uuid>5dd19008-a43c-4d58-a748-7d5e3483ee11</uuid>
                    <nodeType>file/folder</nodeType>
                    <title>Multi-level lists</title>
                    <createdDate>2013-03-26T11:07:24.976-04:00</createdDate>
                    <modifiedDate>2013-03-26T11:10:22.636-04:00</modifiedDate>
                    <imageResource/>
                    <cursorStart>0</cursorStart>
                    <cursorEnd>0</cursorEnd>
                    <expanded>false</expanded>
                </childNodes>
                <childNodes>
                    <uuid>c65a6c9a-6282-4a45-9044-28423c2087df</uuid>
                    <nodeType>file/folder</nodeType>
                    <title>Ordered lists</title>
                    <createdDate>2013-03-26T11:12:46.813-04:00</createdDate>
                    <modifiedDate>2013-03-26T11:20:41.254-04:00</modifiedDate>
                    <imageResource/>
                    <cursorStart>0</cursorStart>
                    <cursorEnd>0</cursorEnd>
                    <expanded>false</expanded>
                </childNodes>
                <childNodes>
                    <uuid>4c494fec-4039-4103-b530-824ebc903251</uuid>
                    <nodeType>file/folder</nodeType>
                    <title>Auto-numbered lists</title>
                    <createdDate>2013-03-26T11:27:13.460-04:00</createdDate>
                    <modifiedDate>2013-03-26T11:29:19.868-04:00</modifiedDate>
                    <imageResource/>
                    <cursorStart>0</cursorStart>
                    <cursorEnd>0</cursorEnd>
                    <expanded>false</expanded>
                </childNodes>
                <childNodes>
                    <uuid>ecc7e8ee-98fc-4395-8565-1377e0aaa79d</uuid>
                    <nodeType>file/folder</nodeType>
                    <title>Forcefully ending lists</title>
                    <subtitle></subtitle>
                    <createdDate>2013-03-26T11:30:16.858-04:00</createdDate>
                    <modifiedDate>2013-03-26T11:33:07.302-04:00</modifiedDate>
                    <imageResource/>
                    <cursorStart>0</cursorStart>
                    <cursorEnd>0</cursorEnd>
                    <expanded>false</expanded>
                </childNodes>
                <childNodes>
                    <uuid>633d084c-3e1e-4e70-a640-7693f3cd4e9b</uuid>
                    <nodeType>file/folder</nodeType>
                    <title>Definition lists</title>
                    <createdDate>2013-03-26T11:23:51.098-04:00</createdDate>
                    <modifiedDate>2013-03-26T11:26:16.820-04:00</modifiedDate>
                    <imageResource/>
                    <cursorStart>0</cursorStart>
                    <cursorEnd>0</cursorEnd>
                    <expanded>false</expanded>
                </childNodes>
                <imageResource/>
                <cursorStart>0</cursorStart>
                <cursorEnd>0</cursorEnd>
                <expanded>true</expanded>
            </childNodes>
            <childNodes>
                <uuid>6f01199a-db48-4ce4-b275-dc7dcc08016f</uuid>
                <nodeType>file/folder</nodeType>
                <title>Tables</title>
                <subtitle></subtitle>
                <createdDate>2013-03-26T11:36:18.794-04:00</createdDate>
                <modifiedDate>2013-03-26T12:48:13.717-04:00</modifiedDate>
                <childNodes>
                    <uuid>5afe924d-7758-442f-8dee-88ec62fb1758</uuid>
                    <nodeType>file/folder</nodeType>
                    <title>Simple tables</title>
                    <subtitle></subtitle>
                    <createdDate>2013-03-26T12:40:59.169-04:00</createdDate>
                    <modifiedDate>2013-03-26T12:49:50.299-04:00</modifiedDate>
                    <imageResource/>
                    <cursorStart>0</cursorStart>
                    <cursorEnd>0</cursorEnd>
                    <expanded>false</expanded>
                </childNodes>
                <childNodes>
                    <uuid>1f3ce5fe-2de7-4e64-ab1c-cc1dff29bf03</uuid>
                    <nodeType>file/folder</nodeType>
                    <title>Multiline tables</title>
                    <createdDate>2013-03-26T12:50:06.087-04:00</createdDate>
                    <modifiedDate>2013-03-26T12:58:34.032-04:00</modifiedDate>
                    <imageResource/>
                    <cursorStart>0</cursorStart>
                    <cursorEnd>0</cursorEnd>
                    <expanded>false</expanded>
                </childNodes>
                <childNodes>
                    <uuid>1a5d8606-a059-4490-8b1c-66313fbe353c</uuid>
                    <nodeType>file/folder</nodeType>
                    <title>Grid tables</title>
                    <createdDate>2013-03-26T12:57:11.432-04:00</createdDate>
                    <modifiedDate>2013-03-26T12:58:52.704-04:00</modifiedDate>
                    <imageResource/>
                    <cursorStart>0</cursorStart>
                    <cursorEnd>0</cursorEnd>
                    <expanded>false</expanded>
                </childNodes>
                <childNodes>
                    <uuid>1b48e390-03ed-4e57-b276-5069fb82abcb</uuid>
                    <nodeType>file/folder</nodeType>
                    <title>Pipe tables</title>
                    <subtitle></subtitle>
                    <createdDate>2013-03-26T12:59:06.555-04:00</createdDate>
                    <modifiedDate>2013-03-26T13:00:08.243-04:00</modifiedDate>
                    <imageResource/>
                    <cursorStart>0</cursorStart>
                    <cursorEnd>0</cursorEnd>
                    <expanded>false</expanded>
                </childNodes>
                <imageResource/>
                <cursorStart>0</cursorStart>
                <cursorEnd>0</cursorEnd>
                <expanded>true</expanded>
            </childNodes>
            <childNodes>
                <uuid>af17b2b2-c4dc-4a13-a37f-84127b21363f</uuid>
                <nodeType>file/folder</nodeType>
                <title>Images</title>
                <createdDate>2013-03-26T12:20:21.148-04:00</createdDate>
                <modifiedDate>2013-03-26T12:26:19.981-04:00</modifiedDate>
                <imageResource/>
                <cursorStart>0</cursorStart>
                <cursorEnd>0</cursorEnd>
                <expanded>false</expanded>
            </childNodes>
            <childNodes>
                <uuid>0e4478f8-6da6-427b-bc80-9ff5ee242525</uuid>
                <nodeType>file/folder</nodeType>
                <title>References</title>
                <createdDate>2013-03-26T12:27:23.596-04:00</createdDate>
                <modifiedDate>2013-03-26T12:27:23.596-04:00</modifiedDate>
                <childNodes>
                    <uuid>a8407e40-3fb6-4037-b234-1e9e119ce9df</uuid>
                    <nodeType>file/folder</nodeType>
                    <title>Footnotes</title>
                    <createdDate>2013-03-26T12:27:29.868-04:00</createdDate>
                    <modifiedDate>2013-03-26T12:30:03.159-04:00</modifiedDate>
                    <imageResource/>
                    <cursorStart>0</cursorStart>
                    <cursorEnd>0</cursorEnd>
                    <expanded>false</expanded>
                </childNodes>
                <childNodes>
                    <uuid>2ab96538-9fb5-4e46-bf37-7b03c1366b70</uuid>
                    <nodeType>file/folder</nodeType>
                    <title>Citations</title>
                    <createdDate>2013-03-26T12:31:13.798-04:00</createdDate>
                    <modifiedDate>2013-03-26T12:34:23.728-04:00</modifiedDate>
                    <imageResource/>
                    <cursorStart>0</cursorStart>
                    <cursorEnd>0</cursorEnd>
                    <expanded>false</expanded>
                </childNodes>
                <imageResource/>
                <cursorStart>0</cursorStart>
                <cursorEnd>0</cursorEnd>
                <expanded>true</expanded>
            </childNodes>
            <childNodes>
                <uuid>23d0b6bf-d172-4135-9001-b67bb34c1626</uuid>
                <nodeType>file/folder</nodeType>
                <title>Inline math</title>
                <createdDate>2013-03-26T12:01:40.891-04:00</createdDate>
                <modifiedDate>2013-03-26T12:02:10.988-04:00</modifiedDate>
                <imageResource/>
                <cursorStart>0</cursorStart>
                <cursorEnd>0</cursorEnd>
                <expanded>false</expanded>
            </childNodes>
            <childNodes>
                <uuid>cdad90ed-f845-40ee-aa3d-f23666204ebc</uuid>
                <nodeType>file/folder</nodeType>
                <title>Inline HTML</title>
                <createdDate>2013-03-26T08:47:23.205-04:00</createdDate>
                <modifiedDate>2013-03-26T12:03:46.147-04:00</modifiedDate>
                <imageResource/>
                <cursorStart>0</cursorStart>
                <cursorEnd>0</cursorEnd>
                <expanded>false</expanded>
            </childNodes>
            <childNodes>
                <uuid>9b827ad9-4c95-48c8-8b5f-e513e99653cb</uuid>
                <nodeType>file/folder</nodeType>
                <title>The Pandoc Title Block</title>
                <createdDate>2013-03-26T11:36:27.098-04:00</createdDate>
                <modifiedDate>2013-03-26T11:42:09.036-04:00</modifiedDate>
                <imageResource/>
                <cursorStart>0</cursorStart>
                <cursorEnd>0</cursorEnd>
                <expanded>false</expanded>
            </childNodes>
            <childNodes>
                <uuid>b19816c6-b6e9-4f06-b1f8-3370a893899c</uuid>
                <nodeType>file/folder</nodeType>
                <title>Special Characters</title>
                <createdDate>2013-03-26T08:48:35.271-04:00</createdDate>
                <modifiedDate>2013-03-26T11:43:32.928-04:00</modifiedDate>
                <imageResource/>
                <cursorStart>0</cursorStart>
                <cursorEnd>0</cursorEnd>
                <expanded>false</expanded>
            </childNodes>
            <childNodes>
                <uuid>4c4a473c-ea0c-4265-aa3d-d0e7f27d4d56</uuid>
                <nodeType>file/folder</nodeType>
                <title>Smart Punctuation</title>
                <createdDate>2013-03-26T11:44:07.678-04:00</createdDate>
                <modifiedDate>2013-03-26T11:44:57.011-04:00</modifiedDate>
                <imageResource/>
                <cursorStart>0</cursorStart>
                <cursorEnd>0</cursorEnd>
                <expanded>false</expanded>
            </childNodes>
            <imageResource/>
            <cursorStart>0</cursorStart>
            <cursorEnd>0</cursorEnd>
            <expanded>true</expanded>
        </childNodes>
        <childNodes>
            <uuid>03c2c271-3f92-46f3-ad49-c69266bca2b5</uuid>
            <nodeType>file/folder</nodeType>
            <title>About Markdown Writer</title>
            <subtitle></subtitle>
            <createdDate>2013-03-26T13:13:11.013-04:00</createdDate>
            <modifiedDate>2013-03-26T13:13:27.751-04:00</modifiedDate>
            <imageResource/>
            <cursorStart>0</cursorStart>
            <cursorEnd>0</cursorEnd>
            <expanded>false</expanded>
        </childNodes>
        <imageResource/>
        <cursorStart>0</cursorStart>
        <cursorEnd>0</cursorEnd>
        <expanded>true</expanded>
    </childNodes>
    <childNodes>
        <uuid>4107270b-f3be-423e-bc4e-ef2f8facd84f</uuid>
        <nodeType>file/folder</nodeType>
        <title>Research</title>
        <createdDate>2013-03-26T08:08:41.633-04:00</createdDate>
        <modifiedDate>2013-03-26T08:08:41.633-04:00</modifiedDate>
        <imageResource/>
        <cursorStart>0</cursorStart>
        <cursorEnd>0</cursorEnd>
        <expanded>false</expanded>
    </childNodes>
    <childNodes>
        <uuid>0dc6dbcd-4a18-4a35-a2f2-9d7bd05e6c71</uuid>
        <nodeType>project/resources</nodeType>
        <title>Resources</title>
        <createdDate>2013-03-26T08:08:41.633-04:00</createdDate>
        <modifiedDate>2013-03-26T08:08:41.633-04:00</modifiedDate>
        <imageResource/>
        <cursorStart>0</cursorStart>
        <cursorEnd>0</cursorEnd>
        <expanded>false</expanded>
    </childNodes>
    <childNodes>
        <uuid>58aaaeca-9b58-4a29-8266-535183861214</uuid>
        <nodeType>project/trash</nodeType>
        <title>Trash</title>
        <createdDate>2013-03-26T08:08:41.633-04:00</createdDate>
        <modifiedDate>2013-03-26T08:08:41.633-04:00</modifiedDate>
        <childNodes>
            <uuid>1c706179-0bce-4879-9d56-7bbfaba1239c</uuid>
            <nodeType>file/folder</nodeType>
            <title>Markdown</title>
            <subtitle></subtitle>
            <createdDate>2013-03-26T08:08:41.633-04:00</createdDate>
            <modifiedDate>2013-03-26T08:25:11.220-04:00</modifiedDate>
            <imageResource/>
            <cursorStart>0</cursorStart>
            <cursorEnd>0</cursorEnd>
            <expanded>false</expanded>
        </childNodes>
        <childNodes>
            <uuid>2232d830-3194-4489-8e87-ca1f9c0ae09f</uuid>
            <nodeType>file/markdown</nodeType>
            <title>Untitled</title>
            <createdDate>2013-03-26T09:09:51.295-04:00</createdDate>
            <modifiedDate>2013-03-26T09:10:12.460-04:00</modifiedDate>
            <imageResource/>
            <cursorStart>0</cursorStart>
            <cursorEnd>0</cursorEnd>
            <expanded>false</expanded>
        </childNodes>
        <childNodes>
            <uuid>16f1011a-7dc8-4004-ac92-7cf1606d3e6a</uuid>
            <nodeType>file/folder</nodeType>
            <title>LaTeX</title>
            <createdDate>2013-03-26T12:04:01.778-04:00</createdDate>
            <modifiedDate>2013-03-26T12:05:55.832-04:00</modifiedDate>
            <childNodes>
                <uuid>c78247a6-0e88-4f65-b31e-061740471664</uuid>
                <nodeType>file/folder</nodeType>
                <title>Math</title>
                <createdDate>2013-03-26T12:01:29.689-04:00</createdDate>
                <modifiedDate>2013-03-26T12:01:29.689-04:00</modifiedDate>
                <imageResource/>
                <cursorStart>0</cursorStart>
                <cursorEnd>0</cursorEnd>
                <expanded>false</expanded>
            </childNodes>
            <imageResource/>
            <cursorStart>0</cursorStart>
            <cursorEnd>0</cursorEnd>
            <expanded>false</expanded>
        </childNodes>
        <imageResource/>
        <cursorStart>0</cursorStart>
        <cursorEnd>0</cursorEnd>
        <expanded>false</expanded>
    </childNodes>
    <compileOptions>
        <importFormat>
            <name>Markdown (Pandoc)</name>
            <extension>.md</extension>
        </importFormat>
        <exportFormats>
            <name>XHTML</name>
            <extension>.html</extension>
            <priority>20</priority>
        </exportFormats>
        <nodeSection>MANUSCRIPT</nodeSection>
        <includeTOC>true</includeTOC>
        <tocDepth>3</tocDepth>
        <epubChapterLevel>1</epubChapterLevel>
        <includeContributors>true</includeContributors>
        <includeContributorRoles>true</includeContributorRoles>
        <includeTitlesOfFolders>true</includeTitlesOfFolders>
        <includeSubtitlesOfFolders>true</includeSubtitlesOfFolders>
        <includeTitlesOfFiles>false</includeTitlesOfFiles>
        <includeSubtitlesOfFiles>false</includeSubtitlesOfFiles>
        <generateTitleBlock>true</generateTitleBlock>
        <separatorFolderFolder>

&lt;div style='page-break-after: always' &gt;&lt;/div&gt;

</separatorFolderFolder>
        <separatorFolderFile>

</separatorFolderFile>
        <separatorFileFolder>

&lt;div style='page-break-after: always' &gt;&lt;/div&gt;

</separatorFileFolder>
        <separatorFileFile>

</separatorFileFile>
        <separatorTitleFile>

</separatorTitleFile>
        <separatorTitleFolder>

</separatorTitleFolder>
        <unusedCustomSeparatorFolderFolder></unusedCustomSeparatorFolderFolder>
        <unusedCustomSeparatorFolderFile></unusedCustomSeparatorFolderFile>
        <unusedCustomSeparatorFileFolder></unusedCustomSeparatorFileFolder>
        <unusedCustomSeparatorFileFile></unusedCustomSeparatorFileFile>
        <unusedCustomSeparatorTitleFile></unusedCustomSeparatorTitleFile>
        <unusedCustomSeparatorTitleFolder></unusedCustomSeparatorTitleFolder>
        <endOfDocumentMarker></endOfDocumentMarker>
        <projectContributorMarkup>*</projectContributorMarkup>
        <nodeContributorMarkup>*</nodeContributorMarkup>
    </compileOptions>
    <projectMacros>
        <macros>
            <addbreviation>markdown</addbreviation>
            <beforeCursor>```markdown
</beforeCursor>
            <afterCursor>```</afterCursor>
            <type>PLAIN_TEXT</type>
        </macros>
    </projectMacros>
    <synchronizeEditors>false</synchronizeEditors>
</Project>
