<?xml version="1.0" encoding="UTF-8" standalone="yes"?>
<Project>
    <uuid>9851b0a1-cb09-4c35-b8c9-6ba4df476cc8</uuid>
    <title>Markdown Writer Help</title>
    <langauge>
        <code>en</code>
        <name>English</name>
    </langauge>
    <identifierScheme>
        <name>ISBN</name>
        <code>ISBN</code>
    </identifierScheme>
    <identifier>e6de7954-bb15-47db-a176-e043c8c44a45</identifier>
    <createdDate>2013-03-26T08:08:41.633-04:00</createdDate>
    <modifiedDate>2013-03-26T08:08:41.633-04:00</modifiedDate>
    <styleSheet></styleSheet>
    <manuscriptUuid>64ce24b6-63a0-455e-bc33-80d5088ec83e</manuscriptUuid>
    <resourcesUuid>0dc6dbcd-4a18-4a35-a2f2-9d7bd05e6c71</resourcesUuid>
    <trashUuid>58aaaeca-9b58-4a29-8266-535183861214</trashUuid>
    <childNodes>
        <uuid>64ce24b6-63a0-455e-bc33-80d5088ec83e</uuid>
        <nodeType>project/manuscript</nodeType>
        <title>Manuscript</title>
        <createdDate>2013-03-26T08:08:41.633-04:00</createdDate>
        <modifiedDate>2013-03-26T08:08:41.633-04:00</modifiedDate>
        <childNodes>
            <uuid>ecfee86a-f142-415c-a7b3-6c227da54c0a</uuid>
            <nodeType>file/folder</nodeType>
            <title>Introduction</title>
            <createdDate>2013-03-26T08:22:41.288-04:00</createdDate>
            <modifiedDate>2013-03-26T08:22:41.288-04:00</modifiedDate>
            <childNodes>
                <uuid>f45bd076-3217-4a51-8846-92cc009c15cc</uuid>
                <nodeType>file/folder</nodeType>
                <title>What is Markdown?</title>
                <createdDate>2013-03-26T08:22:51.543-04:00</createdDate>
                <modifiedDate>2013-03-26T09:02:22.127-04:00</modifiedDate>
                <imageResource/>
                <cursorStart>0</cursorStart>
                <cursorEnd>0</cursorEnd>
                <expanded>false</expanded>
            </childNodes>
            <childNodes>
                <uuid>32917d76-25df-43c6-b2f4-de3e59497e72</uuid>
                <nodeType>file/folder</nodeType>
                <title>What is Markdown Writer</title>
                <createdDate>2013-03-26T08:23:02.276-04:00</createdDate>
                <modifiedDate>2013-03-26T08:27:14.309-04:00</modifiedDate>
                <imageResource/>
                <cursorStart>0</cursorStart>
                <cursorEnd>0</cursorEnd>
                <expanded>false</expanded>
            </childNodes>
            <childNodes>
                <uuid>80d46879-8aee-4dd1-ba84-d42e91165900</uuid>
                <nodeType>file/folder</nodeType>
                <title>What is Pandoc</title>
                <createdDate>2013-03-26T08:27:53.572-04:00</createdDate>
                <modifiedDate>2013-03-26T09:03:13.873-04:00</modifiedDate>
                <imageResource/>
                <cursorStart>0</cursorStart>
                <cursorEnd>0</cursorEnd>
                <expanded>false</expanded>
            </childNodes>
            <imageResource/>
            <cursorStart>0</cursorStart>
            <cursorEnd>0</cursorEnd>
            <expanded>true</expanded>
        </childNodes>
        <childNodes>
            <uuid>59b74950-a55d-40ef-9935-4d65e5f2745e</uuid>
            <nodeType>file/folder</nodeType>
            <title>Markdown Syntax</title>
            <createdDate>2013-03-26T08:42:41.721-04:00</createdDate>
            <modifiedDate>2013-03-26T09:03:23.170-04:00</modifiedDate>
            <childNodes>
                <uuid>817838e4-bd37-4b84-a346-c6718064ac58</uuid>
                <nodeType>file/folder</nodeType>
                <title>Paragraphs</title>
                <createdDate>2013-03-26T08:46:30.019-04:00</createdDate>
                <modifiedDate>2013-03-26T08:59:10.711-04:00</modifiedDate>
                <imageResource/>
                <cursorStart>0</cursorStart>
                <cursorEnd>0</cursorEnd>
                <expanded>false</expanded>
            </childNodes>
            <childNodes>
                <uuid>d16c958c-8fd9-4ccd-9bee-260325ab88b2</uuid>
                <nodeType>file/folder</nodeType>
                <title>Headers</title>
                <createdDate>2013-03-26T08:59:30.662-04:00</createdDate>
                <modifiedDate>2013-03-26T09:01:21.933-04:00</modifiedDate>
                <childNodes>
                    <uuid>9cc6fae1-400b-41ed-adac-a897644c4a6a</uuid>
                    <nodeType>file/folder</nodeType>
                    <title>Setext headers</title>
                    <createdDate>2013-03-26T08:59:59.924-04:00</createdDate>
                    <modifiedDate>2013-03-26T09:01:39.660-04:00</modifiedDate>
                    <imageResource/>
                    <cursorStart>0</cursorStart>
                    <cursorEnd>0</cursorEnd>
                    <expanded>false</expanded>
                </childNodes>
                <childNodes>
                    <uuid>d437b66d-94be-47bb-96e8-e61c2187e649</uuid>
                    <nodeType>file/folder</nodeType>
                    <title>ATX Headers</title>
                    <createdDate>2013-03-26T09:03:53.119-04:00</createdDate>
                    <modifiedDate>2013-03-26T09:11:50.839-04:00</modifiedDate>
                    <imageResource/>
                    <cursorStart>0</cursorStart>
                    <cursorEnd>0</cursorEnd>
                    <expanded>false</expanded>
                </childNodes>
                <imageResource/>
                <cursorStart>0</cursorStart>
                <cursorEnd>0</cursorEnd>
                <expanded>true</expanded>
            </childNodes>
            <childNodes>
                <uuid>b1bb53a8-a564-4452-ae93-015619159fa9</uuid>
                <nodeType>file/folder</nodeType>
                <title>Block quotes</title>
                <createdDate>2013-03-26T09:17:04.896-04:00</createdDate>
                <modifiedDate>2013-03-26T09:21:57.648-04:00</modifiedDate>
                <imageResource/>
                <cursorStart>0</cursorStart>
                <cursorEnd>0</cursorEnd>
                <expanded>false</expanded>
            </childNodes>
            <childNodes>
                <uuid>7bc7989f-6ca5-4457-9b0b-6d08e068e3e7</uuid>
                <nodeType>file/folder</nodeType>
                <title>Preformatted blocks</title>
                <createdDate>2013-03-26T09:22:46.110-04:00</createdDate>
                <modifiedDate>2013-03-26T09:30:40.470-04:00</modifiedDate>
                <imageResource/>
                <cursorStart>0</cursorStart>
                <cursorEnd>0</cursorEnd>
                <expanded>false</expanded>
            </childNodes>
            <childNodes>
                <uuid>242b6d0e-78f7-443b-af89-eb2aef95beea</uuid>
                <nodeType>file/folder</nodeType>
                <title>Links</title>
                <createdDate>2013-03-26T09:15:33.661-04:00</createdDate>
                <modifiedDate>2013-03-26T09:15:33.661-04:00</modifiedDate>
                <childNodes>
                    <uuid>82487246-1a7b-4e2e-9d7f-47a0b513a6b1</uuid>
                    <nodeType>file/folder</nodeType>
                    <title>Internal links</title>
                    <subtitle></subtitle>
                    <createdDate>2013-03-26T09:15:46.894-04:00</createdDate>
                    <modifiedDate>2013-03-26T09:15:46.894-04:00</modifiedDate>
                    <imageResource/>
                    <cursorStart>0</cursorStart>
                    <cursorEnd>0</cursorEnd>
                    <expanded>false</expanded>
                </childNodes>
                <childNodes>
                    <uuid>f1a573c2-04bb-415b-9332-88d40967db4b</uuid>
                    <nodeType>file/folder</nodeType>
                    <title>Implicit header links</title>
                    <createdDate>2013-03-26T09:16:46.399-04:00</createdDate>
                    <modifiedDate>2013-03-26T09:16:46.399-04:00</modifiedDate>
                    <imageResource/>
                    <cursorStart>0</cursorStart>
                    <cursorEnd>0</cursorEnd>
                    <expanded>false</expanded>
                </childNodes>
                <imageResource/>
                <cursorStart>0</cursorStart>
                <cursorEnd>0</cursorEnd>
                <expanded>true</expanded>
            </childNodes>
            <childNodes>
                <uuid>cdad90ed-f845-40ee-aa3d-f23666204ebc</uuid>
                <nodeType>file/folder</nodeType>
                <title>Inline HTML</title>
                <createdDate>2013-03-26T08:47:23.205-04:00</createdDate>
                <modifiedDate>2013-03-26T09:02:22.135-04:00</modifiedDate>
                <imageResource/>
                <cursorStart>0</cursorStart>
                <cursorEnd>0</cursorEnd>
                <expanded>false</expanded>
            </childNodes>
            <childNodes>
                <uuid>b19816c6-b6e9-4f06-b1f8-3370a893899c</uuid>
                <nodeType>file/folder</nodeType>
                <title>Special Characters</title>
                <createdDate>2013-03-26T08:48:35.271-04:00</createdDate>
                <modifiedDate>2013-03-26T08:49:49.070-04:00</modifiedDate>
                <imageResource/>
                <cursorStart>0</cursorStart>
                <cursorEnd>0</cursorEnd>
                <expanded>false</expanded>
            </childNodes>
            <imageResource/>
            <cursorStart>0</cursorStart>
            <cursorEnd>0</cursorEnd>
            <expanded>true</expanded>
        </childNodes>
        <imageResource/>
        <cursorStart>0</cursorStart>
        <cursorEnd>0</cursorEnd>
        <expanded>true</expanded>
    </childNodes>
    <childNodes>
        <uuid>4107270b-f3be-423e-bc4e-ef2f8facd84f</uuid>
        <nodeType>file/folder</nodeType>
        <title>Research</title>
        <createdDate>2013-03-26T08:08:41.633-04:00</createdDate>
        <modifiedDate>2013-03-26T08:08:41.633-04:00</modifiedDate>
        <imageResource/>
        <cursorStart>0</cursorStart>
        <cursorEnd>0</cursorEnd>
        <expanded>false</expanded>
    </childNodes>
    <childNodes>
        <uuid>0dc6dbcd-4a18-4a35-a2f2-9d7bd05e6c71</uuid>
        <nodeType>project/resources</nodeType>
        <title>Resources</title>
        <createdDate>2013-03-26T08:08:41.633-04:00</createdDate>
        <modifiedDate>2013-03-26T08:08:41.633-04:00</modifiedDate>
        <imageResource/>
        <cursorStart>0</cursorStart>
        <cursorEnd>0</cursorEnd>
        <expanded>false</expanded>
    </childNodes>
    <childNodes>
        <uuid>58aaaeca-9b58-4a29-8266-535183861214</uuid>
        <nodeType>project/trash</nodeType>
        <title>Trash</title>
        <createdDate>2013-03-26T08:08:41.633-04:00</createdDate>
        <modifiedDate>2013-03-26T08:08:41.633-04:00</modifiedDate>
        <childNodes>
            <uuid>1c706179-0bce-4879-9d56-7bbfaba1239c</uuid>
            <nodeType>file/folder</nodeType>
            <title>Markdown</title>
            <subtitle></subtitle>
            <createdDate>2013-03-26T08:08:41.633-04:00</createdDate>
            <modifiedDate>2013-03-26T08:25:11.220-04:00</modifiedDate>
            <imageResource/>
            <cursorStart>0</cursorStart>
            <cursorEnd>0</cursorEnd>
            <expanded>false</expanded>
        </childNodes>
        <childNodes>
            <uuid>2232d830-3194-4489-8e87-ca1f9c0ae09f</uuid>
            <nodeType>file/markdown</nodeType>
            <title>Untitled</title>
            <createdDate>2013-03-26T09:09:51.295-04:00</createdDate>
            <modifiedDate>2013-03-26T09:10:12.460-04:00</modifiedDate>
            <imageResource/>
            <cursorStart>0</cursorStart>
            <cursorEnd>0</cursorEnd>
            <expanded>false</expanded>
        </childNodes>
        <imageResource/>
        <cursorStart>0</cursorStart>
        <cursorEnd>0</cursorEnd>
        <expanded>false</expanded>
    </childNodes>
    <compileOptions>
        <importFormat>
            <name>Markdown (Pandoc)</name>
            <extension>.md</extension>
        </importFormat>
        <nodeSection>MANUSCRIPT</nodeSection>
        <includeTOC>true</includeTOC>
        <tocDepth>3</tocDepth>
        <epubChapterLevel>1</epubChapterLevel>
        <includeContributors>true</includeContributors>
        <includeContributorRoles>true</includeContributorRoles>
        <includeTitlesOfFolders>true</includeTitlesOfFolders>
        <includeSubtitlesOfFolders>true</includeSubtitlesOfFolders>
        <includeTitlesOfFiles>false</includeTitlesOfFiles>
        <includeSubtitlesOfFiles>false</includeSubtitlesOfFiles>
        <generateTitleBlock>true</generateTitleBlock>
        <separatorFolderFolder>

&lt;div style='page-break-after: always' &gt;&lt;/div&gt;

</separatorFolderFolder>
        <separatorFolderFile>

</separatorFolderFile>
        <separatorFileFolder>

&lt;div style='page-break-after: always' &gt;&lt;/div&gt;

</separatorFileFolder>
        <separatorFileFile>

</separatorFileFile>
        <separatorTitleFile>

</separatorTitleFile>
        <separatorTitleFolder>

</separatorTitleFolder>
        <unusedCustomSeparatorFolderFolder></unusedCustomSeparatorFolderFolder>
        <unusedCustomSeparatorFolderFile></unusedCustomSeparatorFolderFile>
        <unusedCustomSeparatorFileFolder></unusedCustomSeparatorFileFolder>
        <unusedCustomSeparatorFileFile></unusedCustomSeparatorFileFile>
        <unusedCustomSeparatorTitleFile></unusedCustomSeparatorTitleFile>
        <unusedCustomSeparatorTitleFolder></unusedCustomSeparatorTitleFolder>
        <endOfDocumentMarker></endOfDocumentMarker>
        <projectContributorMarkup>*</projectContributorMarkup>
        <nodeContributorMarkup>*</nodeContributorMarkup>
    </compileOptions>
    <projectMacros>
        <macros>
            <addbreviation>markdown</addbreviation>
            <beforeCursor>```markdown
</beforeCursor>
            <afterCursor>```</afterCursor>
            <type>PLAIN_TEXT</type>
        </macros>
    </projectMacros>
    <synchronizeEditors>false</synchronizeEditors>
</Project>
